{
	"frames": {
		"false.png": {
			"frame": {
				"x": 1,
				"y": 1,
				"w": 46,
				"h": 46
			},
			"rotated": false,
			"trimmed": false,
			"spriteSourceSize": {
				"x": 0,
				"y": 0,
				"w": 46,
				"h": 46
			},
			"sourceSize": {
				"w": 46,
				"h": 46
			}
		},
		"true.png": {
			"frame": {
				"x": 49,
				"y": 1,
				"w": 46,
				"h": 46
			},
			"rotated": false,
			"trimmed": false,
			"spriteSourceSize": {
				"x": 0,
				"y": 0,
				"w": 46,
				"h": 46
			},
			"sourceSize": {
				"w": 46,
				"h": 46
			}
		}
	},
	"meta": {
		"app": "http://www.codeandweb.com/texturepacker",
		"version": "1.0",
		"image": "spritesheet.png",
		"format": "RGBA8888",
		"size": {
			"w": 96,
			"h": 48
		},
		"scale": "1"
	}
}